turbine_id,date,yaw_misalignment_deg,cluster
SSS_WTG06,2024-03-14,-0.717,6
SSS_WTG06,2024-08-30,-8.451,10
SSS_WTG06,2024-02-07,-0.717,6
SSS_WTG06,2024-05-03,-3.961,7
SSS_WTG06,2023-07-06,-1.843,4
SSS_WTG06,2023-08-07,-1.843,4
SSS_WTG06,2023-07-27,-1.843,4
SSS_WTG06,2023-05-08,-9.402,2
SSS_WTG06,2024-05-17,-3.961,7
SSS_WTG06,2023-06-07,4.21,3
SSS_WTG06,2024-10-01,2.644,11
SSS_WTG06,2023-03-06,-4.923,1
SSS_WTG06,2024-10-08,2.644,11
SSS_WTG06,2024-02-03,-0.717,6
SSS_WTG06,2024-11-03,-3.127,12
SSS_WTG06,2024-11-20,-3.127,12
SSS_WTG06,2024-02-01,-0.717,6
SSS_WTG06,2023-10-27,7.459,5
SSS_WTG06,2024-07-13,-1.77,9
SSS_WTG06,2024-01-09,-0.717,6
SSS_WTG06,2023-12-25,-0.717,6
SSS_WTG06,2023-07-04,-1.843,4
SSS_WTG06,2024-08-02,-1.77,9
SSS_WTG06,2024-05-08,-3.961,7
SSS_WTG06,2023-10-02,7.459,5
SSS_WTG06,2023-01-16,-9.725,0
SSS_WTG06,2024-04-22,-3.961,7
SSS_WTG06,2024-05-24,11.754,8
SSS_WTG06,2023-10-07,7.459,5
SSS_WTG06,2023-09-11,-1.843,4
SSS_WTG06,2024-09-28,2.644,11
SSS_WTG06,2023-09-06,-1.843,4
SSS_WTG06,2024-01-29,-0.717,6
SSS_WTG06,2024-02-17,-0.717,6
SSS_WTG06,2024-09-09,-8.451,10
SSS_WTG06,2024-02-20,-0.717,6
SSS_WTG06,2024-10-02,2.644,11
SSS_WTG06,2023-04-25,-4.923,1
SSS_WTG06,2023-03-19,-4.923,1
SSS_WTG06,2023-06-12,4.21,3
SSS_WTG06,2024-04-17,-3.961,7
SSS_WTG06,2023-09-13,7.459,5
SSS_WTG06,2024-05-30,11.754,8
SSS_WTG06,2023-06-04,4.21,3
SSS_WTG06,2024-05-27,11.754,8
SSS_WTG06,2023-03-17,-4.923,1
SSS_WTG06,2023-10-19,7.459,5
SSS_WTG06,2024-07-18,-1.77,9
SSS_WTG06,2023-09-24,7.459,5
SSS_WTG06,2024-07-08,-1.77,9
SSS_WTG06,2024-12-30,-3.127,12
SSS_WTG06,2024-12-16,-3.127,12
SSS_WTG06,2024-04-08,-3.961,7
SSS_WTG06,2023-08-03,-1.843,4
SSS_WTG06,2023-11-28,-0.717,6
SSS_WTG06,2023-10-13,7.459,5
SSS_WTG06,2024-08-21,-8.451,10
SSS_WTG06,2023-07-05,-1.843,4
SSS_WTG06,2024-04-20,-3.961,7
SSS_WTG06,2024-05-16,-3.961,7
SSS_WTG06,2024-05-15,-3.961,7
SSS_WTG06,2024-02-04,-0.717,6
SSS_WTG06,2023-02-01,-4.923,1
SSS_WTG06,2023-07-02,-1.843,4
SSS_WTG06,2024-08-07,-1.77,9
SSS_WTG06,2024-07-03,-1.77,9
SSS_WTG06,2023-08-24,-1.843,4
SSS_WTG06,2024-11-13,-3.127,12
SSS_WTG06,2024-10-10,-3.127,12
SSS_WTG06,2023-04-21,-4.923,1
SSS_WTG06,2023-02-09,-4.923,1
SSS_WTG06,2023-12-01,-0.717,6
SSS_WTG06,2024-05-22,11.754,8
SSS_WTG06,2024-03-07,-0.717,6
SSS_WTG06,2023-12-11,-0.717,6
SSS_WTG06,2024-06-19,-1.77,9
SSS_WTG06,2024-08-31,-8.451,10
SSS_WTG06,2023-02-05,-4.923,1
SSS_WTG06,2024-05-29,11.754,8
SSS_WTG06,2023-12-19,-0.717,6
SSS_WTG06,2024-09-11,-8.451,10
SSS_WTG06,2023-06-22,-1.843,4
SSS_WTG06,2023-03-18,-4.923,1
SSS_WTG06,2024-06-09,-1.77,9
SSS_WTG06,2023-08-09,-1.843,4
SSS_WTG06,2024-11-24,-3.127,12
SSS_WTG06,2023-08-19,-1.843,4
SSS_WTG06,2023-01-31,-4.923,1
SSS_WTG06,2023-11-18,-0.717,6
SSS_WTG06,2023-06-02,4.21,3
SSS_WTG06,2024-09-23,2.644,11
SSS_WTG06,2023-05-04,-9.402,2
SSS_WTG06,2023-09-25,7.459,5
SSS_WTG06,2024-01-07,-0.717,6
SSS_WTG06,2023-01-19,-9.725,0
SSS_WTG06,2023-02-23,-4.923,1
SSS_WTG06,2024-05-04,-3.961,7
SSS_WTG06,2024-01-16,-0.717,6
SSS_WTG06,2023-06-21,-1.843,4
SSS_WTG06,2023-11-14,-0.717,6
SSS_WTG06,2024-06-17,-1.77,9
SSS_WTG06,2023-12-03,-0.717,6
SSS_WTG06,2023-05-06,-9.402,2
SSS_WTG06,2023-06-28,-1.843,4
SSS_WTG06,2024-12-09,-3.127,12
SSS_WTG06,2023-05-18,-9.402,2
SSS_WTG06,2023-07-15,-1.843,4
SSS_WTG06,2023-11-27,-0.717,6
SSS_WTG06,2023-01-09,-9.725,0
SSS_WTG06,2024-06-25,-1.77,9
SSS_WTG06,2024-06-03,11.754,8
SSS_WTG06,2024-09-07,-8.451,10
SSS_WTG06,2023-02-03,-4.923,1
SSS_WTG06,2023-09-22,7.459,5
SSS_WTG06,2023-03-25,-4.923,1
SSS_WTG06,2024-04-19,-3.961,7
SSS_WTG06,2023-12-31,-0.717,6
SSS_WTG06,2023-12-10,-0.717,6
SSS_WTG06,2023-09-17,7.459,5
SSS_WTG06,2024-08-03,-1.77,9
SSS_WTG06,2024-09-10,-8.451,10
SSS_WTG06,2024-02-18,-0.717,6
SSS_WTG06,2023-11-19,-0.717,6
SSS_WTG06,2023-11-13,-0.717,6
SSS_WTG06,2023-04-09,-4.923,1
SSS_WTG06,2024-08-22,-8.451,10
SSS_WTG06,2024-12-19,-3.127,12
SSS_WTG06,2023-08-29,-1.843,4
SSS_WTG06,2024-07-22,-1.77,9
SSS_WTG06,2024-12-15,-3.127,12
SSS_WTG06,2023-09-29,7.459,5
SSS_WTG06,2024-08-19,-8.451,10
SSS_WTG06,2023-02-11,-4.923,1
SSS_WTG06,2023-11-17,-0.717,6
SSS_WTG06,2023-11-09,-0.717,6
SSS_WTG06,2024-12-24,-3.127,12
SSS_WTG06,2024-07-25,-1.77,9
SSS_WTG06,2023-07-25,-1.843,4
SSS_WTG06,2023-01-26,-4.923,1
SSS_WTG06,2023-02-28,-4.923,1
SSS_WTG06,2023-01-28,-4.923,1
SSS_WTG06,2023-09-27,7.459,5
SSS_WTG06,2023-08-15,-1.843,4
SSS_WTG06,2024-03-20,-3.961,7
SSS_WTG06,2023-03-21,-4.923,1
SSS_WTG06,2023-08-08,-1.843,4
SSS_WTG06,2024-05-06,-3.961,7
SSS_WTG06,2024-08-11,-1.77,9
SSS_WTG06,2023-06-16,-1.843,4
SSS_WTG06,2023-05-20,4.21,3
SSS_WTG06,2024-12-01,-3.127,12
SSS_WTG06,2024-08-10,-1.77,9
SSS_WTG06,2023-10-08,7.459,5
SSS_WTG06,2024-01-26,-0.717,6
SSS_WTG06,2023-06-10,4.21,3
SSS_WTG06,2023-04-30,-9.402,2
SSS_WTG06,2023-07-17,-1.843,4
SSS_WTG06,2023-12-04,-0.717,6
SSS_WTG06,2023-04-24,-4.923,1
SSS_WTG06,2023-12-26,-0.717,6
SSS_WTG06,2024-06-02,11.754,8
SSS_WTG06,2023-12-05,-0.717,6
SSS_WTG06,2023-11-08,-0.717,6
SSS_WTG06,2023-07-03,-1.843,4
SSS_WTG06,2024-06-27,-1.77,9
SSS_WTG06,2024-10-06,2.644,11
SSS_WTG06,2023-03-03,-4.923,1
SSS_WTG06,2023-07-14,-1.843,4
SSS_WTG06,2023-03-28,-4.923,1
SSS_WTG06,2023-12-07,-0.717,6
SSS_WTG06,2023-01-21,-9.725,0
SSS_WTG06,2023-05-24,4.21,3
SSS_WTG06,2024-03-24,-3.961,7
SSS_WTG06,2024-02-09,-0.717,6
SSS_WTG06,2023-08-05,-1.843,4
SSS_WTG06,2023-04-22,-4.923,1
SSS_WTG06,2023-06-17,-1.843,4
SSS_WTG06,2024-09-13,-8.451,10
SSS_WTG06,2024-11-16,-3.127,12
SSS_WTG06,2024-04-12,-3.961,7
SSS_WTG06,2024-09-04,-8.451,10
SSS_WTG06,2024-05-20,-3.961,7
SSS_WTG06,2023-05-22,4.21,3
SSS_WTG06,2023-08-17,-1.843,4
SSS_WTG06,2023-03-01,-4.923,1
SSS_WTG06,2024-10-23,-3.127,12
SSS_WTG06,2024-03-26,-3.961,7
SSS_WTG06,2024-10-13,-3.127,12
SSS_WTG06,2024-05-18,-3.961,7
SSS_WTG06,2023-04-19,-4.923,1
SSS_WTG06,2023-09-23,7.459,5
SSS_WTG06,2024-03-15,-0.717,6
SSS_WTG06,2024-09-29,2.644,11
SSS_WTG06,2023-04-02,-4.923,1
SSS_WTG06,2024-10-21,-3.127,12
SSS_WTG06,2024-03-30,-3.961,7
SSS_WTG06,2024-11-08,-3.127,12
SSS_WTG06,2023-05-19,4.21,3
SSS_WTG06,2024-11-27,-3.127,12
SSS_WTG06,2023-12-22,-0.717,6
SSS_WTG06,2024-10-29,-3.127,12
SSS_WTG06,2024-06-15,-1.77,9
SSS_WTG06,2023-10-18,7.459,5
SSS_WTG06,2024-02-21,-0.717,6
SSS_WTG06,2023-05-02,-9.402,2
SSS_WTG06,2023-01-04,-9.725,0
SSS_WTG06,2024-11-11,-3.127,12
SSS_WTG06,2024-05-05,-3.961,7
SSS_WTG06,2024-11-06,-3.127,12
SSS_WTG06,2023-02-08,-4.923,1
SSS_WTG06,2023-02-16,-4.923,1
SSS_WTG06,2023-02-06,-4.923,1
SSS_WTG06,2023-05-13,-9.402,2
SSS_WTG06,2024-06-20,-1.77,9
SSS_WTG06,2024-12-03,-3.127,12
SSS_WTG06,2024-10-03,2.644,11
SSS_WTG06,2024-03-17,-0.717,6
SSS_WTG06,2023-05-21,4.21,3
SSS_WTG06,2023-04-10,-4.923,1
SSS_WTG06,2023-10-25,7.459,5
SSS_WTG06,2024-04-26,-3.961,7
SSS_WTG06,2023-03-23,-4.923,1
SSS_WTG06,2023-09-05,-1.843,4
SSS_WTG06,2023-11-30,-0.717,6
SSS_WTG06,2023-07-12,-1.843,4
SSS_WTG06,2024-11-14,-3.127,12
SSS_WTG06,2023-11-11,-0.717,6
SSS_WTG06,2023-01-07,-9.725,0
SSS_WTG06,2023-01-13,-9.725,0
SSS_WTG06,2023-12-30,-0.717,6
SSS_WTG06,2023-08-12,-1.843,4
SSS_WTG06,2023-12-16,-0.717,6
SSS_WTG06,2023-02-18,-4.923,1
SSS_WTG06,2023-12-28,-0.717,6
SSS_WTG06,2024-01-31,-0.717,6
SSS_WTG06,2023-05-26,4.21,3
SSS_WTG06,2024-08-20,-8.451,10
SSS_WTG06,2024-08-12,-1.77,9
SSS_WTG06,2023-12-12,-0.717,6
SSS_WTG06,2024-04-07,-3.961,7
SSS_WTG06,2024-12-12,-3.127,12
SSS_WTG06,2023-09-18,7.459,5
SSS_WTG06,2024-02-10,-0.717,6
SSS_WTG06,2023-02-04,-4.923,1
SSS_WTG06,2024-03-22,-3.961,7
SSS_WTG06,2023-01-17,-9.725,0
SSS_WTG06,2024-11-01,-3.127,12
SSS_WTG06,2024-07-09,-1.77,9
SSS_WTG06,2023-02-20,-4.923,1
SSS_WTG06,2024-02-23,-0.717,6
SSS_WTG06,2024-04-11,-3.961,7
SSS_WTG06,2023-05-15,-9.402,2
SSS_WTG06,2024-08-16,-1.77,9
SSS_WTG06,2024-07-30,-1.77,9
SSS_WTG06,2023-10-01,7.459,5
SSS_WTG06,2023-02-12,-4.923,1
SSS_WTG06,2023-04-17,-4.923,1
SSS_WTG06,2023-11-26,-0.717,6
SSS_WTG06,2024-10-26,-3.127,12
SSS_WTG06,2024-10-19,-3.127,12
SSS_WTG06,2023-11-23,-0.717,6
SSS_WTG06,2024-11-22,-3.127,12
SSS_WTG06,2023-04-28,-9.402,2
SSS_WTG06,2024-02-25,-0.717,6
SSS_WTG06,2023-11-03,-0.717,6
SSS_WTG06,2024-10-09,2.644,11
SSS_WTG06,2023-04-15,-4.923,1
SSS_WTG06,2024-12-08,-3.127,12
SSS_WTG06,2023-10-24,7.459,5
SSS_WTG06,2024-06-04,11.754,8
SSS_WTG06,2023-03-20,-4.923,1
SSS_WTG06,2024-11-07,-3.127,12
SSS_WTG06,2024-03-11,-0.717,6
SSS_WTG06,2023-01-08,-9.725,0
SSS_WTG06,2023-09-19,7.459,5
SSS_WTG06,2024-07-23,-1.77,9
SSS_WTG06,2024-12-28,-3.127,12
SSS_WTG06,2024-08-23,-8.451,10
SSS_WTG06,2023-06-15,4.21,3
SSS_WTG06,2023-08-25,-1.843,4
SSS_WTG06,2023-07-28,-1.843,4
SSS_WTG06,2024-01-18,-0.717,6
SSS_WTG06,2023-04-08,-4.923,1
SSS_WTG06,2024-05-28,11.754,8
SSS_WTG06,2023-09-02,-1.843,4
SSS_WTG06,2023-09-30,7.459,5
SSS_WTG06,2024-05-02,-3.961,7
SSS_WTG06,2023-01-29,-4.923,1
SSS_WTG06,2024-09-19,2.644,11
SSS_WTG06,2024-12-23,-3.127,12
SSS_WTG06,2023-05-28,4.21,3
SSS_WTG06,2023-02-07,-4.923,1
SSS_WTG06,2023-03-09,-4.923,1
SSS_WTG06,2024-07-19,-1.77,9
SSS_WTG06,2024-06-06,-1.77,9
SSS_WTG06,2024-07-26,-1.77,9
SSS_WTG06,2024-03-31,-3.961,7
SSS_WTG06,2023-07-13,-1.843,4
SSS_WTG06,2023-01-24,-4.923,1
SSS_WTG06,2024-10-04,2.644,11
SSS_WTG06,2024-07-21,-1.77,9
SSS_WTG06,2023-06-08,4.21,3
SSS_WTG06,2024-06-16,-1.77,9
SSS_WTG06,2024-08-04,-1.77,9
SSS_WTG06,2024-12-02,-3.127,12
SSS_WTG06,2023-12-20,-0.717,6
SSS_WTG06,2023-10-12,7.459,5
SSS_WTG06,2023-08-18,-1.843,4
SSS_WTG06,2023-01-10,-9.725,0
SSS_WTG06,2024-04-30,-3.961,7
SSS_WTG06,2023-06-14,4.21,3
SSS_WTG06,2024-01-25,-0.717,6
SSS_WTG06,2023-07-23,-1.843,4
SSS_WTG06,2023-08-16,-1.843,4
SSS_WTG06,2023-07-01,-1.843,4
SSS_WTG06,2024-02-05,-0.717,6
SSS_WTG06,2023-12-02,-0.717,6
SSS_WTG06,2023-01-18,-9.725,0
SSS_WTG06,2023-09-07,-1.843,4
SSS_WTG06,2024-07-11,-1.77,9
SSS_WTG06,2024-03-10,-0.717,6
SSS_WTG06,2024-07-05,-1.77,9
SSS_WTG06,2024-11-25,-3.127,12
SSS_WTG06,2023-10-11,7.459,5
SSS_WTG06,2024-01-14,-0.717,6
SSS_WTG06,2023-10-16,7.459,5
SSS_WTG06,2023-05-31,4.21,3
SSS_WTG06,2023-07-11,-1.843,4
SSS_WTG06,2023-12-23,-0.717,6
SSS_WTG06,2024-02-16,-0.717,6
SSS_WTG06,2024-10-24,-3.127,12
SSS_WTG06,2023-11-04,-0.717,6
SSS_WTG06,2023-07-08,-1.843,4
SSS_WTG06,2024-02-22,-0.717,6
SSS_WTG06,2024-01-30,-0.717,6
SSS_WTG06,2024-09-15,2.644,11
SSS_WTG06,2023-10-21,7.459,5
SSS_WTG06,2023-08-13,-1.843,4
SSS_WTG06,2023-10-20,7.459,5
SSS_WTG06,2024-11-12,-3.127,12
SSS_WTG06,2024-07-12,-1.77,9
SSS_WTG06,2024-12-29,-3.127,12
SSS_WTG06,2023-07-10,-1.843,4
SSS_WTG06,2024-03-12,-0.717,6
SSS_WTG06,2024-06-21,-1.77,9
SSS_WTG06,2023-07-22,-1.843,4
SSS_WTG06,2023-01-30,-4.923,1
SSS_WTG06,2024-09-01,-8.451,10
SSS_WTG06,2024-02-19,-0.717,6
SSS_WTG06,2024-10-22,-3.127,12
SSS_WTG06,2024-11-10,-3.127,12
SSS_WTG06,2023-08-26,-1.843,4
SSS_WTG06,2023-04-18,-4.923,1
SSS_WTG06,2024-01-03,-0.717,6
SSS_WTG06,2024-01-12,-0.717,6
SSS_WTG06,2023-08-31,-1.843,4
SSS_WTG06,2023-12-24,-0.717,6
SSS_WTG06,2023-05-09,-9.402,2
SSS_WTG06,2024-06-22,-1.77,9
SSS_WTG06,2024-04-25,-3.961,7
SSS_WTG06,2024-08-15,-1.77,9
SSS_WTG06,2024-07-14,-1.77,9
SSS_WTG06,2024-12-07,-3.127,12
SSS_WTG06,2023-06-23,-1.843,4
SSS_WTG06,2024-04-06,-3.961,7
SSS_WTG06,2023-06-06,4.21,3
SSS_WTG06,2023-01-25,-4.923,1
SSS_WTG06,2023-12-17,-0.717,6
SSS_WTG06,2024-05-07,-3.961,7
SSS_WTG06,2024-12-21,-3.127,12
SSS_WTG06,2023-02-17,-4.923,1
SSS_WTG06,2023-02-22,-4.923,1
SSS_WTG06,2024-08-01,-1.77,9
SSS_WTG06,2023-02-26,-4.923,1
SSS_WTG06,2023-06-24,-1.843,4
SSS_WTG06,2023-11-05,-0.717,6
SSS_WTG06,2024-01-11,-0.717,6
SSS_WTG06,2024-07-27,-1.77,9
SSS_WTG06,2024-11-28,-3.127,12
SSS_WTG06,2023-06-09,4.21,3
SSS_WTG06,2023-04-14,-4.923,1
SSS_WTG06,2024-12-10,-3.127,12
SSS_WTG06,2024-08-28,-8.451,10
SSS_WTG06,2024-09-14,2.644,11
SSS_WTG06,2023-11-06,-0.717,6
SSS_WTG06,2023-10-06,7.459,5
SSS_WTG06,2024-04-14,-3.961,7
SSS_WTG06,2023-03-15,-4.923,1
SSS_WTG06,2023-12-18,-0.717,6
SSS_WTG06,2024-10-30,-3.127,12
SSS_WTG06,2023-05-25,4.21,3
SSS_WTG06,2023-12-15,-0.717,6
SSS_WTG06,2023-11-15,-0.717,6
SSS_WTG06,2023-04-13,-4.923,1
SSS_WTG06,2023-03-14,-4.923,1
SSS_WTG06,2024-09-25,2.644,11
SSS_WTG06,2024-03-25,-3.961,7
SSS_WTG06,2024-08-08,-1.77,9
SSS_WTG06,2024-05-26,11.754,8
SSS_WTG06,2024-12-05,-3.127,12
SSS_WTG06,2023-11-22,-0.717,6
SSS_WTG06,2023-11-10,-0.717,6
SSS_WTG06,2023-03-04,-4.923,1
SSS_WTG06,2023-09-10,-1.843,4
SSS_WTG06,2023-10-29,7.459,5
SSS_WTG06,2023-08-04,-1.843,4
SSS_WTG06,2023-10-30,7.459,5
SSS_WTG06,2023-08-27,-1.843,4
SSS_WTG06,2024-11-04,-3.127,12
SSS_WTG06,2024-02-29,-0.717,6
SSS_WTG06,2024-12-20,-3.127,12
SSS_WTG06,2024-12-31,-3.127,12
SSS_WTG06,2024-03-04,-0.717,6
SSS_WTG06,2023-02-14,-4.923,1
SSS_WTG06,2023-10-14,7.459,5
SSS_WTG06,2023-07-26,-1.843,4
SSS_WTG06,2023-03-31,-4.923,1
SSS_WTG06,2024-06-11,-1.77,9
SSS_WTG06,2024-06-07,-1.77,9
SSS_WTG06,2024-10-15,-3.127,12
SSS_WTG06,2023-05-03,-9.402,2
SSS_WTG06,2023-02-27,-4.923,1
SSS_WTG06,2024-06-13,-1.77,9
SSS_WTG06,2023-01-12,-9.725,0
SSS_WTG06,2023-06-27,-1.843,4
SSS_WTG06,2024-02-27,-0.717,6
SSS_WTG06,2024-04-27,-3.961,7
SSS_WTG06,2024-03-13,-0.717,6
SSS_WTG06,2023-08-01,-1.843,4
SSS_WTG06,2023-08-21,-1.843,4
SSS_WTG06,2024-04-02,-3.961,7
SSS_WTG06,2023-07-24,-1.843,4
SSS_WTG06,2023-11-01,7.459,5
SSS_WTG06,2024-12-06,-3.127,12
SSS_WTG06,2023-09-09,-1.843,4
SSS_WTG06,2023-08-11,-1.843,4
SSS_WTG06,2024-08-06,-1.77,9
SSS_WTG06,2023-04-04,-4.923,1
SSS_WTG06,2024-11-23,-3.127,12
SSS_WTG06,2023-09-26,7.459,5
SSS_WTG06,2023-12-29,-0.717,6
SSS_WTG06,2024-06-01,11.754,8
SSS_WTG06,2024-04-16,-3.961,7
SSS_WTG06,2023-11-29,-0.717,6
SSS_WTG06,2024-02-13,-0.717,6
SSS_WTG06,2023-03-22,-4.923,1
SSS_WTG06,2024-03-06,-0.717,6
SSS_WTG06,2023-03-13,-4.923,1
SSS_WTG06,2023-08-20,-1.843,4
SSS_WTG06,2023-02-24,-4.923,1
SSS_WTG06,2024-09-18,2.644,11
SSS_WTG06,2024-07-31,-1.77,9
SSS_WTG06,2023-11-21,-0.717,6
SSS_WTG06,2024-08-14,-1.77,9
SSS_WTG06,2024-09-03,-8.451,10
SSS_WTG06,2024-02-24,-0.717,6
SSS_WTG06,2023-07-29,-1.843,4
SSS_WTG06,2023-03-30,-4.923,1
SSS_WTG06,2024-02-26,-0.717,6
SSS_WTG06,2023-07-16,-1.843,4
SSS_WTG06,2023-03-27,-4.923,1
SSS_WTG06,2024-01-02,-0.717,6
SSS_WTG06,2024-07-04,-1.77,9
SSS_WTG06,2023-12-14,-0.717,6
SSS_WTG06,2023-10-23,7.459,5
SSS_WTG06,2023-05-30,4.21,3
SSS_WTG06,2024-01-04,-0.717,6
SSS_WTG06,2024-03-29,-3.961,7
SSS_WTG06,2024-09-05,-8.451,10
SSS_WTG06,2023-11-12,-0.717,6
SSS_WTG06,2023-06-05,4.21,3
SSS_WTG06,2023-01-20,-9.725,0
SSS_WTG06,2023-05-07,-9.402,2
SSS_WTG06,2024-05-23,11.754,8
SSS_WTG06,2024-08-26,-8.451,10
SSS_WTG06,2023-11-07,-0.717,6
SSS_WTG06,2023-04-29,-9.402,2
SSS_WTG06,2024-08-25,-8.451,10
SSS_WTG06,2023-04-26,-4.923,1
SSS_WTG06,2023-06-30,-1.843,4
SSS_WTG06,2024-07-01,-1.77,9
SSS_WTG06,2023-08-22,-1.843,4
SSS_WTG06,2024-04-24,-3.961,7
SSS_WTG06,2023-11-25,-0.717,6
SSS_WTG06,2023-07-30,-1.843,4
SSS_WTG06,2024-11-21,-3.127,12
SSS_WTG06,2023-05-10,-9.402,2
SSS_WTG06,2023-02-25,-4.923,1
SSS_WTG06,2023-02-21,-4.923,1
SSS_WTG06,2024-12-14,-3.127,12
SSS_WTG06,2023-02-13,-4.923,1
SSS_WTG06,2023-06-26,-1.843,4
SSS_WTG06,2024-01-27,-0.717,6
SSS_WTG06,2023-02-10,-4.923,1
SSS_WTG06,2024-02-15,-0.717,6
SSS_WTG06,2024-07-28,-1.77,9
SSS_WTG06,2024-03-21,-3.961,7
SSS_WTG06,2023-10-04,7.459,5
SSS_WTG06,2023-07-31,-1.843,4
SSS_WTG06,2023-12-21,-0.717,6
SSS_WTG06,2023-03-11,-4.923,1
SSS_WTG06,2023-09-28,7.459,5
SSS_WTG06,2023-12-09,-0.717,6
SSS_WTG06,2024-02-14,-0.717,6
SSS_WTG06,2024-10-18,-3.127,12
SSS_WTG06,2024-07-02,-1.77,9
SSS_WTG06,2024-11-26,-3.127,12
SSS_WTG06,2024-10-14,-3.127,12
SSS_WTG06,2023-09-04,-1.843,4
SSS_WTG06,2024-10-11,-3.127,12
SSS_WTG06,2024-06-18,-1.77,9
SSS_WTG06,2024-12-18,-3.127,12
SSS_WTG06,2024-04-18,-3.961,7
SSS_WTG06,2024-09-16,2.644,11
SSS_WTG06,2023-08-28,-1.843,4
SSS_WTG06,2023-05-27,4.21,3
SSS_WTG06,2023-09-15,7.459,5
SSS_WTG06,2023-01-01,-9.725,0
SSS_WTG06,2023-04-23,-4.923,1
SSS_WTG06,2023-10-03,7.459,5
SSS_WTG06,2023-04-16,-4.923,1
SSS_WTG06,2023-01-02,-9.725,0
SSS_WTG06,2024-11-19,-3.127,12
SSS_WTG06,2024-10-31,-3.127,12
SSS_WTG06,2023-06-20,-1.843,4
SSS_WTG06,2024-08-05,-1.77,9
SSS_WTG06,2024-06-24,-1.77,9
SSS_WTG06,2024-04-21,-3.961,7
SSS_WTG06,2023-05-01,-9.402,2
SSS_WTG06,2024-11-02,-3.127,12
SSS_WTG06,2023-06-29,-1.843,4
SSS_WTG06,2023-09-03,-1.843,4
SSS_WTG06,2023-04-01,-4.923,1
SSS_WTG06,2024-01-10,-0.717,6
SSS_WTG06,2024-03-23,-3.961,7
SSS_WTG06,2024-02-06,-0.717,6
SSS_WTG06,2023-05-14,-9.402,2
SSS_WTG06,2023-01-15,-9.725,0
SSS_WTG06,2024-01-05,-0.717,6
SSS_WTG06,2024-04-28,-3.961,7
SSS_WTG06,2023-11-24,-0.717,6
SSS_WTG06,2024-05-14,-3.961,7
SSS_WTG06,2024-01-15,-0.717,6
SSS_WTG06,2024-06-14,-1.77,9
SSS_WTG06,2024-07-20,-1.77,9
SSS_WTG06,2024-01-22,-0.717,6
SSS_WTG06,2024-08-09,-1.77,9
SSS_WTG06,2024-07-15,-1.77,9
SSS_WTG06,2023-06-18,-1.843,4
SSS_WTG06,2024-09-21,2.644,11
SSS_WTG06,2024-09-12,-8.451,10
SSS_WTG06,2023-06-11,4.21,3
SSS_WTG06,2024-05-10,-3.961,7
SSS_WTG06,2023-06-01,4.21,3
SSS_WTG06,2023-05-11,-9.402,2
SSS_WTG06,2024-04-23,-3.961,7
SSS_WTG06,2024-09-27,2.644,11
SSS_WTG06,2024-01-20,-0.717,6
SSS_WTG06,2024-03-05,-0.717,6
SSS_WTG06,2023-11-16,-0.717,6
SSS_WTG06,2023-08-23,-1.843,4
SSS_WTG06,2023-08-06,-1.843,4
SSS_WTG06,2024-09-20,2.644,11
SSS_WTG06,2024-03-28,-3.961,7
SSS_WTG06,2024-02-08,-0.717,6
SSS_WTG06,2024-04-03,-3.961,7
SSS_WTG06,2024-10-07,2.644,11
SSS_WTG06,2023-04-07,-4.923,1
SSS_WTG06,2023-02-19,-4.923,1
SSS_WTG06,2024-11-30,-3.127,12
SSS_WTG06,2024-03-18,-0.717,6
SSS_WTG06,2023-10-26,7.459,5
SSS_WTG06,2024-05-31,11.754,8
SSS_WTG06,2024-12-26,-3.127,12
SSS_WTG06,2023-06-03,4.21,3
SSS_WTG06,2023-08-02,-1.843,4
SSS_WTG06,2024-01-08,-0.717,6
SSS_WTG06,2024-09-30,2.644,11
SSS_WTG06,2024-08-17,-8.451,10
SSS_WTG06,2024-07-16,-1.77,9
SSS_WTG06,2024-07-07,-1.77,9
SSS_WTG06,2024-04-04,-3.961,7
SSS_WTG06,2024-08-27,-8.451,10
SSS_WTG06,2024-10-16,-3.127,12
SSS_WTG06,2023-09-21,7.459,5
SSS_WTG06,2023-04-12,-4.923,1
SSS_WTG06,2023-03-29,-4.923,1
SSS_WTG06,2024-02-11,-0.717,6
SSS_WTG06,2023-04-27,-4.923,1
SSS_WTG06,2023-07-09,-1.843,4
SSS_WTG06,2024-09-24,2.644,11
SSS_WTG06,2024-12-25,-3.127,12
SSS_WTG06,2024-11-09,-3.127,12
SSS_WTG06,2023-05-17,-9.402,2
SSS_WTG06,2023-10-05,7.459,5
SSS_WTG06,2024-02-28,-0.717,6
SSS_WTG06,2023-03-05,-4.923,1
SSS_WTG06,2024-06-30,-1.77,9
SSS_WTG06,2023-03-10,-4.923,1
SSS_WTG06,2024-10-17,-3.127,12
SSS_WTG06,2024-10-27,-3.127,12
SSS_WTG06,2024-09-06,-8.451,10
SSS_WTG06,2024-11-18,-3.127,12
SSS_WTG06,2024-04-13,-3.961,7
SSS_WTG06,2024-03-01,-0.717,6
SSS_WTG06,2024-06-29,-1.77,9
SSS_WTG06,2024-05-21,-3.961,7
SSS_WTG06,2024-05-19,-3.961,7
SSS_WTG06,2023-07-18,-1.843,4
SSS_WTG06,2024-07-10,-1.77,9
SSS_WTG06,2023-10-22,7.459,5
SSS_WTG06,2023-09-01,-1.843,4
SSS_WTG06,2024-06-08,-1.77,9
SSS_WTG06,2023-10-15,7.459,5
SSS_WTG06,2023-05-05,-9.402,2
SSS_WTG06,2023-01-06,-9.725,0
SSS_WTG06,2023-10-28,7.459,5
SSS_WTG06,2023-08-14,-1.843,4
SSS_WTG06,2023-04-05,-4.923,1
SSS_WTG06,2024-04-09,-3.961,7
SSS_WTG06,2024-03-16,-0.717,6
SSS_WTG06,2024-12-22,-3.127,12
SSS_WTG06,2023-03-07,-4.923,1
SSS_WTG06,2024-01-01,-0.717,6
SSS_WTG06,2024-06-05,-1.77,9
SSS_WTG06,2024-09-22,2.644,11
SSS_WTG06,2024-05-01,-3.961,7
SSS_WTG06,2023-09-12,7.459,5
SSS_WTG06,2024-06-12,-1.77,9
SSS_WTG06,2024-04-10,-3.961,7
SSS_WTG06,2023-10-09,7.459,5
SSS_WTG06,2023-03-12,-4.923,1
SSS_WTG06,2023-01-22,-9.725,0
SSS_WTG06,2023-03-16,-4.923,1
SSS_WTG06,2023-03-24,-4.923,1
SSS_WTG06,2024-07-17,-1.77,9
SSS_WTG06,2023-01-03,-9.725,0
SSS_WTG06,2024-12-13,-3.127,12
SSS_WTG06,2024-03-03,-0.717,6
SSS_WTG06,2023-10-10,7.459,5
SSS_WTG06,2024-01-24,-0.717,6
SSS_WTG06,2024-06-28,-1.77,9
SSS_WTG06,2024-11-15,-3.127,12
SSS_WTG06,2023-12-06,-0.717,6
SSS_WTG06,2024-10-05,2.644,11
SSS_WTG06,2024-03-19,-3.961,7
SSS_WTG06,2024-03-02,-0.717,6
SSS_WTG06,2023-09-08,-1.843,4
SSS_WTG06,2024-01-28,-0.717,6
SSS_WTG06,2024-05-25,11.754,8
SSS_WTG06,2024-11-17,-3.127,12
SSS_WTG06,2024-12-17,-3.127,12
SSS_WTG06,2023-01-11,-9.725,0
SSS_WTG06,2023-01-05,-9.725,0
SSS_WTG06,2024-06-10,-1.77,9
SSS_WTG06,2024-05-09,-3.961,7
SSS_WTG06,2023-01-23,-4.923,1
SSS_WTG06,2024-04-29,-3.961,7
SSS_WTG06,2024-05-12,-3.961,7
SSS_WTG06,2024-12-27,-3.127,12
SSS_WTG06,2023-06-25,-1.843,4
SSS_WTG06,2024-01-17,-0.717,6
SSS_WTG06,2024-06-26,-1.77,9
SSS_WTG06,2023-10-31,7.459,5
SSS_WTG06,2024-09-08,-8.451,10
SSS_WTG06,2024-10-20,-3.127,12
SSS_WTG06,2023-11-20,-0.717,6
SSS_WTG06,2024-08-18,-8.451,10
SSS_WTG06,2024-07-29,-1.77,9
SSS_WTG06,2023-07-21,-1.843,4
SSS_WTG06,2023-05-23,4.21,3
SSS_WTG06,2024-10-25,-3.127,12
SSS_WTG06,2023-07-07,-1.843,4
SSS_WTG06,2024-08-24,-8.451,10
SSS_WTG06,2024-05-11,-3.961,7
SSS_WTG06,2024-11-05,-3.127,12
SSS_WTG06,2024-07-06,-1.77,9
SSS_WTG06,2023-08-30,-1.843,4
SSS_WTG06,2024-09-26,2.644,11
SSS_WTG06,2023-04-11,-4.923,1
SSS_WTG06,2023-12-27,-0.717,6
SSS_WTG06,2023-07-19,-1.843,4
SSS_WTG06,2024-07-24,-1.77,9
SSS_WTG06,2023-08-10,-1.843,4
SSS_WTG06,2023-09-16,7.459,5
SSS_WTG06,2024-01-06,-0.717,6
SSS_WTG06,2023-12-13,-0.717,6
SSS_WTG06,2024-01-19,-0.717,6
SSS_WTG06,2024-09-17,2.644,11
SSS_WTG06,2023-05-12,-9.402,2
SSS_WTG06,2023-01-27,-4.923,1
SSS_WTG06,2024-11-29,-3.127,12
SSS_WTG06,2023-10-17,7.459,5
SSS_WTG06,2023-02-15,-4.923,1
SSS_WTG06,2024-01-21,-0.717,6
SSS_WTG06,2024-02-02,-0.717,6
SSS_WTG06,2023-06-19,-1.843,4
SSS_WTG06,2023-04-06,-4.923,1
SSS_WTG06,2023-09-14,7.459,5
SSS_WTG06,2024-04-05,-3.961,7
SSS_WTG06,2024-08-13,-1.77,9
SSS_WTG06,2024-06-23,-1.77,9
SSS_WTG06,2023-04-03,-4.923,1
SSS_WTG06,2023-02-02,-4.923,1
SSS_WTG06,2024-03-08,-0.717,6
SSS_WTG06,2023-01-14,-9.725,0
SSS_WTG06,2023-06-13,4.21,3
SSS_WTG06,2024-04-15,-3.961,7
SSS_WTG06,2024-01-23,-0.717,6
SSS_WTG06,2024-03-27,-3.961,7
SSS_WTG06,2023-03-02,-4.923,1
SSS_WTG06,2024-02-12,-0.717,6
SSS_WTG06,2023-03-26,-4.923,1
SSS_WTG06,2023-09-20,7.459,5
SSS_WTG06,2024-03-09,-0.717,6
SSS_WTG06,2024-10-12,-3.127,12
SSS_WTG06,2024-10-28,-3.127,12
SSS_WTG06,2023-04-20,-4.923,1
SSS_WTG06,2024-12-04,-3.127,12
SSS_WTG06,2023-07-20,-1.843,4
SSS_WTG06,2023-05-29,4.21,3
SSS_WTG06,2023-11-02,7.459,5
SSS_WTG06,2024-05-13,-3.961,7
SSS_WTG06,2024-08-29,-8.451,10
SSS_WTG06,2024-04-01,-3.961,7
SSS_WTG06,2024-09-02,-8.451,10
SSS_WTG06,2023-05-16,-9.402,2
SSS_WTG06,2023-03-08,-4.923,1
SSS_WTG06,2024-01-13,-0.717,6
SSS_WTG06,2024-12-11,-3.127,12
SSS_WTG06,2023-12-08,-0.717,6
